machine,dataset,mode,version,label,group,part,iter,time_s,align_len,identity
a30,150_10,0,0,cpu_sequential,cpu,matrix,-1,3.932271,156,89.74
a30,150_10,0,0,cpu_sequential,cpu,matrix,0,3.945321,156,89.74
a30,150_10,0,0,cpu_sequential,cpu,matrix,1,3.924318,156,89.74
a30,150_10,0,0,cpu_sequential,cpu,matrix,2,3.925947,156,89.74
a30,150_10,0,1,cpu_simd,cpu,matrix,-1,0.984193,156,89.74
a30,150_10,0,1,cpu_simd,cpu,matrix,0,0.985817,156,89.74
a30,150_10,0,1,cpu_simd,cpu,matrix,1,0.964509,156,89.74
a30,150_10,0,1,cpu_simd,cpu,matrix,2,0.965166,156,89.74
a30,150_10,0,3,cpu_parallel_node,cpu,matrix,-1,0.239326,156,89.74
a30,150_10,0,3,cpu_parallel_node,cpu,matrix,0,0.239777,156,89.74
a30,150_10,0,3,cpu_parallel_node,cpu,matrix,1,0.256874,156,89.74
a30,150_10,0,3,cpu_parallel_node,cpu,matrix,2,0.261271,156,89.74
a30,150_10,1,0,gpu_naive,gpu,matrix,-1,11.1062,156,89.74
a30,150_10,1,0,gpu_naive,gpu,matrix,0,10.76999,156,89.74
a30,150_10,1,0,gpu_naive,gpu,matrix,1,10.805905,156,89.74
a30,150_10,1,0,gpu_naive,gpu,matrix,2,10.450253,156,89.74
a30,150_10,1,2,gpu_parallel_node,gpu,matrix,-1,1.232887,156,89.74
a30,150_10,1,2,gpu_parallel_node,gpu,matrix,0,1.232188,156,89.74
a30,150_10,1,2,gpu_parallel_node,gpu,matrix,1,1.232503,156,89.74
a30,150_10,1,2,gpu_parallel_node,gpu,matrix,2,1.231663,156,89.74
a30,150_10,1,3,gpu_parallel_async,gpu,matrix,-1,1.020278,156,89.74
a30,150_10,1,3,gpu_parallel_async,gpu,matrix,0,1.020342,156,89.74
a30,150_10,1,3,gpu_parallel_async,gpu,matrix,1,1.020399,156,89.74
a30,150_10,1,3,gpu_parallel_async,gpu,matrix,2,1.019557,156,89.74
a30,150_10,1,4,gpu_async_monolithic,gpu,matrix,-1,0.788491,156,89.74
a30,150_10,1,4,gpu_async_monolithic,gpu,matrix,0,0.78834,156,89.74
a30,150_10,1,4,gpu_async_monolithic,gpu,matrix,1,0.788524,156,89.74
a30,150_10,1,4,gpu_async_monolithic,gpu,matrix,2,0.787867,156,89.74
a30,150_10,1,5,gpu_async_batching,gpu,matrix,-1,0.779387,156,89.74
a30,150_10,1,5,gpu_async_batching,gpu,matrix,0,0.779168,156,89.74
a30,150_10,1,5,gpu_async_batching,gpu,matrix,1,0.779301,156,89.74
a30,150_10,1,5,gpu_async_batching,gpu,matrix,2,0.778935,156,89.74
a30,150_10,1,7,gpu_shared_mem,gpu,matrix,-1,0.394959,156,89.74
a30,150_10,1,7,gpu_shared_mem,gpu,matrix,0,0.395125,156,89.74
a30,150_10,1,7,gpu_shared_mem,gpu,matrix,1,0.395032,156,89.74
a30,150_10,1,7,gpu_shared_mem,gpu,matrix,2,0.395338,156,89.74
a30,150_10,2,0,hybrid_base,hybrid,matrix,-1,0.276927,156,89.74
a30,150_10,2,0,hybrid_base,hybrid,matrix,0,0.275481,156,89.74
a30,150_10,2,0,hybrid_base,hybrid,matrix,1,0.277266,156,89.74
a30,150_10,2,0,hybrid_base,hybrid,matrix,2,0.27585,156,89.74
a30,150_10,2,1,hybrid_unified,hybrid,matrix,-1,0.544177,156,89.74
a30,150_10,2,1,hybrid_unified,hybrid,matrix,0,0.544446,156,89.74
a30,150_10,2,1,hybrid_unified,hybrid,matrix,1,0.543863,156,89.74
a30,150_10,2,1,hybrid_unified,hybrid,matrix,2,0.545344,156,89.74
a30,150_10,2,2,hybrid_pinned,hybrid,matrix,-1,0.346753,156,89.74
a30,150_10,2,2,hybrid_pinned,hybrid,matrix,0,0.34683,156,89.74
a30,150_10,2,2,hybrid_pinned,hybrid,matrix,1,0.346833,156,89.74
a30,150_10,2,2,hybrid_pinned,hybrid,matrix,2,0.346903,156,89.74
a30,150_10,2,3,hybrid_advised,hybrid,matrix,-1,0.345363,156,89.74
a30,150_10,2,3,hybrid_advised,hybrid,matrix,0,0.345316,156,89.74
a30,150_10,2,3,hybrid_advised,hybrid,matrix,1,0.344446,156,89.74
a30,150_10,2,3,hybrid_advised,hybrid,matrix,2,0.344574,156,89.74
a30,150_10,0,4,cpu_last_col,fair,lastcol,-1,0.229975,156,89.74
a30,150_10,0,4,cpu_last_col,fair,lastcol,0,0.229566,156,89.74
a30,150_10,0,4,cpu_last_col,fair,lastcol,1,0.229651,156,89.74
a30,150_10,0,4,cpu_last_col,fair,lastcol,2,0.236472,156,89.74
a30,150_10,1,8,gpu_last_col,gpu,lastcol,-1,0.400193,156,89.74
a30,150_10,1,8,gpu_last_col,gpu,lastcol,0,0.39996,156,89.74
a30,150_10,1,8,gpu_last_col,gpu,lastcol,1,0.400135,156,89.74
a30,150_10,1,8,gpu_last_col,gpu,lastcol,2,0.400248,156,89.74
a30,150_10,1,9,gpu_warps,gpu,lastcol,-1,0.774918,156,89.74
a30,150_10,1,9,gpu_warps,gpu,lastcol,0,0.775155,156,89.74
a30,150_10,1,9,gpu_warps,gpu,lastcol,1,0.774937,156,89.74
a30,150_10,1,9,gpu_warps,gpu,lastcol,2,0.7754,156,89.74
a30,150_10,1,10,gpu_registers,gpu,lastcol,-1,0.833151,156,89.74
a30,150_10,1,10,gpu_registers,gpu,lastcol,0,0.833271,156,89.74
a30,150_10,1,10,gpu_registers,gpu,lastcol,1,0.833296,156,89.74
a30,150_10,1,10,gpu_registers,gpu,lastcol,2,0.833513,156,89.74
a30,150_10,1,12,gpu_merged_req,gpu,lastcol,-1,0.834533,156,89.74
a30,150_10,1,12,gpu_merged_req,gpu,lastcol,0,0.835046,156,89.74
a30,150_10,1,12,gpu_merged_req,gpu,lastcol,1,0.834538,156,89.74
a30,150_10,1,12,gpu_merged_req,gpu,lastcol,2,0.835337,156,89.74
a30,150_10,2,4,hybrid_warps,hybrid,lastcol,-1,0.139258,156,89.74
a30,150_10,2,4,hybrid_warps,hybrid,lastcol,0,0.144234,156,89.74
a30,150_10,2,4,hybrid_warps,hybrid,lastcol,1,0.13969,156,89.74
a30,150_10,2,4,hybrid_warps,hybrid,lastcol,2,0.139747,156,89.74
a30,150_10,2,5,hybrid_registers,hybrid,lastcol,-1,0.135859,156,89.74
a30,150_10,2,5,hybrid_registers,hybrid,lastcol,0,0.141207,156,89.74
a30,150_10,2,5,hybrid_registers,hybrid,lastcol,1,0.148809,156,89.74
a30,150_10,2,5,hybrid_registers,hybrid,lastcol,2,0.137455,156,89.74
a30,150_10,2,6,hybrid_merged_req,hybrid,lastcol,-1,0.138369,156,89.74
a30,150_10,2,6,hybrid_merged_req,hybrid,lastcol,0,0.1422,156,89.74
a30,150_10,2,6,hybrid_merged_req,hybrid,lastcol,1,0.138133,156,89.74
a30,150_10,2,6,hybrid_merged_req,hybrid,lastcol,2,0.137848,156,89.74
a30,brca2_150,0,0,cpu_sequential,cpu,matrix,-1,0.026122,150,100.0
a30,brca2_150,0,0,cpu_sequential,cpu,matrix,0,0.026118,150,100.0
a30,brca2_150,0,0,cpu_sequential,cpu,matrix,1,0.026119,150,100.0
a30,brca2_150,0,0,cpu_sequential,cpu,matrix,2,0.02612,150,100.0
a30,brca2_150,0,1,cpu_simd,cpu,matrix,-1,0.007475,150,100.0
a30,brca2_150,0,1,cpu_simd,cpu,matrix,0,0.007363,150,100.0
a30,brca2_150,0,1,cpu_simd,cpu,matrix,1,0.0073,150,100.0
a30,brca2_150,0,1,cpu_simd,cpu,matrix,2,0.007289,150,100.0
a30,brca2_150,0,3,cpu_parallel_node,cpu,matrix,-1,0.01451,150,100.0
a30,brca2_150,0,3,cpu_parallel_node,cpu,matrix,0,0.014454,150,100.0
a30,brca2_150,0,3,cpu_parallel_node,cpu,matrix,1,0.014241,150,100.0
a30,brca2_150,0,3,cpu_parallel_node,cpu,matrix,2,0.014282,150,100.0
a30,brca2_150,1,0,gpu_naive,gpu,matrix,-1,0.133857,150,100.0
a30,brca2_150,1,0,gpu_naive,gpu,matrix,0,0.118338,150,100.0
a30,brca2_150,1,0,gpu_naive,gpu,matrix,1,0.118422,150,100.0
a30,brca2_150,1,0,gpu_naive,gpu,matrix,2,0.124838,150,100.0
a30,brca2_150,1,2,gpu_parallel_node,gpu,matrix,-1,0.110114,150,100.0
a30,brca2_150,1,2,gpu_parallel_node,gpu,matrix,0,0.109952,150,100.0
a30,brca2_150,1,2,gpu_parallel_node,gpu,matrix,1,0.110002,150,100.0
a30,brca2_150,1,2,gpu_parallel_node,gpu,matrix,2,0.109934,150,100.0
a30,brca2_150,1,3,gpu_parallel_async,gpu,matrix,-1,0.115264,150,100.0
a30,brca2_150,1,3,gpu_parallel_async,gpu,matrix,0,0.115283,150,100.0
a30,brca2_150,1,3,gpu_parallel_async,gpu,matrix,1,0.115245,150,100.0
a30,brca2_150,1,3,gpu_parallel_async,gpu,matrix,2,0.11535,150,100.0
a30,brca2_150,1,4,gpu_async_monolithic,gpu,matrix,-1,0.101989,150,100.0
a30,brca2_150,1,4,gpu_async_monolithic,gpu,matrix,0,0.101988,150,100.0
a30,brca2_150,1,4,gpu_async_monolithic,gpu,matrix,1,0.101988,150,100.0
a30,brca2_150,1,4,gpu_async_monolithic,gpu,matrix,2,0.102102,150,100.0
a30,brca2_150,1,5,gpu_async_batching,gpu,matrix,-1,0.09935,150,100.0
a30,brca2_150,1,5,gpu_async_batching,gpu,matrix,0,0.099281,150,100.0
a30,brca2_150,1,5,gpu_async_batching,gpu,matrix,1,0.099223,150,100.0
a30,brca2_150,1,5,gpu_async_batching,gpu,matrix,2,0.099342,150,100.0
a30,brca2_150,1,7,gpu_shared_mem,gpu,matrix,-1,0.047308,150,100.0
a30,brca2_150,1,7,gpu_shared_mem,gpu,matrix,0,0.047582,150,100.0
a30,brca2_150,1,7,gpu_shared_mem,gpu,matrix,1,0.04733,150,100.0
a30,brca2_150,1,7,gpu_shared_mem,gpu,matrix,2,0.047512,150,100.0
a30,brca2_150,2,0,hybrid_base,hybrid,matrix,-1,0.007923,150,100.0
a30,brca2_150,2,0,hybrid_base,hybrid,matrix,0,0.007868,150,100.0
a30,brca2_150,2,0,hybrid_base,hybrid,matrix,1,0.007839,150,100.0
a30,brca2_150,2,0,hybrid_base,hybrid,matrix,2,0.007838,150,100.0
a30,brca2_150,2,1,hybrid_unified,hybrid,matrix,-1,0.009816,150,100.0
a30,brca2_150,2,1,hybrid_unified,hybrid,matrix,0,0.00972,150,100.0
a30,brca2_150,2,1,hybrid_unified,hybrid,matrix,1,0.009755,150,100.0
a30,brca2_150,2,1,hybrid_unified,hybrid,matrix,2,0.009701,150,100.0
a30,brca2_150,2,2,hybrid_pinned,hybrid,matrix,-1,0.01147,150,100.0
a30,brca2_150,2,2,hybrid_pinned,hybrid,matrix,0,0.010982,150,100.0
a30,brca2_150,2,2,hybrid_pinned,hybrid,matrix,1,0.010946,150,100.0
a30,brca2_150,2,2,hybrid_pinned,hybrid,matrix,2,0.010938,150,100.0
a30,brca2_150,2,3,hybrid_advised,hybrid,matrix,-1,0.011201,150,100.0
a30,brca2_150,2,3,hybrid_advised,hybrid,matrix,0,0.010873,150,100.0
a30,brca2_150,2,3,hybrid_advised,hybrid,matrix,1,0.010814,150,100.0
a30,brca2_150,2,3,hybrid_advised,hybrid,matrix,2,0.01075,150,100.0
a30,brca2_150,0,4,cpu_last_col,fair,lastcol,-1,0.016438,150,100.0
a30,brca2_150,0,4,cpu_last_col,fair,lastcol,0,0.016371,150,100.0
a30,brca2_150,0,4,cpu_last_col,fair,lastcol,1,0.016332,150,100.0
a30,brca2_150,0,4,cpu_last_col,fair,lastcol,2,0.016374,150,100.0
a30,brca2_150,1,8,gpu_last_col,gpu,lastcol,-1,0.074475,150,100.0
a30,brca2_150,1,8,gpu_last_col,gpu,lastcol,0,0.062031,150,100.0
a30,brca2_150,1,8,gpu_last_col,gpu,lastcol,1,0.048209,150,100.0
a30,brca2_150,1,8,gpu_last_col,gpu,lastcol,2,0.048277,150,100.0
a30,brca2_150,1,9,gpu_warps,gpu,lastcol,-1,0.079299,150,100.0
a30,brca2_150,1,9,gpu_warps,gpu,lastcol,0,0.07931,150,100.0
a30,brca2_150,1,9,gpu_warps,gpu,lastcol,1,0.079318,150,100.0
a30,brca2_150,1,9,gpu_warps,gpu,lastcol,2,0.079412,150,100.0
a30,brca2_150,1,10,gpu_registers,gpu,lastcol,-1,0.086654,150,100.0
a30,brca2_150,1,10,gpu_registers,gpu,lastcol,0,0.08667,150,100.0
a30,brca2_150,1,10,gpu_registers,gpu,lastcol,1,0.086692,150,100.0
a30,brca2_150,1,10,gpu_registers,gpu,lastcol,2,0.086532,150,100.0
a30,brca2_150,1,12,gpu_merged_req,gpu,lastcol,-1,0.085026,150,100.0
a30,brca2_150,1,12,gpu_merged_req,gpu,lastcol,0,0.085018,150,100.0
a30,brca2_150,1,12,gpu_merged_req,gpu,lastcol,1,0.085061,150,100.0
a30,brca2_150,1,12,gpu_merged_req,gpu,lastcol,2,0.084901,150,100.0
a30,brca2_150,2,4,hybrid_warps,hybrid,lastcol,-1,0.011745,150,100.0
a30,brca2_150,2,4,hybrid_warps,hybrid,lastcol,0,0.011451,150,100.0
a30,brca2_150,2,4,hybrid_warps,hybrid,lastcol,1,0.01144,150,100.0
a30,brca2_150,2,4,hybrid_warps,hybrid,lastcol,2,0.01168,150,100.0
a30,brca2_150,2,5,hybrid_registers,hybrid,lastcol,-1,0.0117,150,100.0
a30,brca2_150,2,5,hybrid_registers,hybrid,lastcol,0,0.011413,150,100.0
a30,brca2_150,2,5,hybrid_registers,hybrid,lastcol,1,0.011378,150,100.0
a30,brca2_150,2,5,hybrid_registers,hybrid,lastcol,2,0.011334,150,100.0
a30,brca2_150,2,6,hybrid_merged_req,hybrid,lastcol,-1,0.011769,150,100.0
a30,brca2_150,2,6,hybrid_merged_req,hybrid,lastcol,0,0.011467,150,100.0
a30,brca2_150,2,6,hybrid_merged_req,hybrid,lastcol,1,0.011322,150,100.0
a30,brca2_150,2,6,hybrid_merged_req,hybrid,lastcol,2,0.011352,150,100.0
a30,brca2_1500,0,0,cpu_sequential,cpu,matrix,-1,0.263721,1500,100.0
a30,brca2_1500,0,0,cpu_sequential,cpu,matrix,0,0.264855,1500,100.0
a30,brca2_1500,0,0,cpu_sequential,cpu,matrix,1,0.264109,1500,100.0
a30,brca2_1500,0,0,cpu_sequential,cpu,matrix,2,0.263718,1500,100.0
a30,brca2_1500,0,1,cpu_simd,cpu,matrix,-1,0.063219,1500,100.0
a30,brca2_1500,0,1,cpu_simd,cpu,matrix,0,0.063153,1500,100.0
a30,brca2_1500,0,1,cpu_simd,cpu,matrix,1,0.063228,1500,100.0
a30,brca2_1500,0,1,cpu_simd,cpu,matrix,2,0.063166,1500,100.0
a30,brca2_1500,0,3,cpu_parallel_node,cpu,matrix,-1,0.094004,1500,100.0
a30,brca2_1500,0,3,cpu_parallel_node,cpu,matrix,0,0.094502,1500,100.0
a30,brca2_1500,0,3,cpu_parallel_node,cpu,matrix,1,0.094567,1500,100.0
a30,brca2_1500,0,3,cpu_parallel_node,cpu,matrix,2,0.094063,1500,100.0
a30,brca2_1500,1,0,gpu_naive,gpu,matrix,-1,0.734816,1500,100.0
a30,brca2_1500,1,0,gpu_naive,gpu,matrix,0,0.7269,1500,100.0
a30,brca2_1500,1,0,gpu_naive,gpu,matrix,1,0.781226,1500,100.0
a30,brca2_1500,1,0,gpu_naive,gpu,matrix,2,0.726918,1500,100.0
a30,brca2_1500,1,2,gpu_parallel_node,gpu,matrix,-1,0.661965,1500,100.0
a30,brca2_1500,1,2,gpu_parallel_node,gpu,matrix,0,0.661877,1500,100.0
a30,brca2_1500,1,2,gpu_parallel_node,gpu,matrix,1,0.661925,1500,100.0
a30,brca2_1500,1,2,gpu_parallel_node,gpu,matrix,2,0.661871,1500,100.0
a30,brca2_1500,1,3,gpu_parallel_async,gpu,matrix,-1,0.653878,1500,100.0
a30,brca2_1500,1,3,gpu_parallel_async,gpu,matrix,0,0.653997,1500,100.0
a30,brca2_1500,1,3,gpu_parallel_async,gpu,matrix,1,0.653907,1500,100.0
a30,brca2_1500,1,3,gpu_parallel_async,gpu,matrix,2,0.6542,1500,100.0
a30,brca2_1500,1,4,gpu_async_monolithic,gpu,matrix,-1,0.641748,1500,100.0
a30,brca2_1500,1,4,gpu_async_monolithic,gpu,matrix,0,0.641645,1500,100.0
a30,brca2_1500,1,4,gpu_async_monolithic,gpu,matrix,1,0.641632,1500,100.0
a30,brca2_1500,1,4,gpu_async_monolithic,gpu,matrix,2,0.641844,1500,100.0
a30,brca2_1500,1,5,gpu_async_batching,gpu,matrix,-1,0.642075,1500,100.0
a30,brca2_1500,1,5,gpu_async_batching,gpu,matrix,0,0.641978,1500,100.0
a30,brca2_1500,1,5,gpu_async_batching,gpu,matrix,1,0.642033,1500,100.0
a30,brca2_1500,1,5,gpu_async_batching,gpu,matrix,2,0.64208,1500,100.0
a30,brca2_1500,1,7,gpu_shared_mem,gpu,matrix,-1,0.282157,1500,100.0
a30,brca2_1500,1,7,gpu_shared_mem,gpu,matrix,0,0.282133,1500,100.0
a30,brca2_1500,1,7,gpu_shared_mem,gpu,matrix,1,0.28193,1500,100.0
a30,brca2_1500,1,7,gpu_shared_mem,gpu,matrix,2,0.28196,1500,100.0
a30,brca2_1500,2,0,hybrid_base,hybrid,matrix,-1,0.062123,1500,100.0
a30,brca2_1500,2,0,hybrid_base,hybrid,matrix,0,0.062044,1500,100.0
a30,brca2_1500,2,0,hybrid_base,hybrid,matrix,1,0.062136,1500,100.0
a30,brca2_1500,2,0,hybrid_base,hybrid,matrix,2,0.062059,1500,100.0
a30,brca2_1500,2,1,hybrid_unified,hybrid,matrix,-1,0.066612,1500,100.0
a30,brca2_1500,2,1,hybrid_unified,hybrid,matrix,0,0.066589,1500,100.0
a30,brca2_1500,2,1,hybrid_unified,hybrid,matrix,1,0.066661,1500,100.0
a30,brca2_1500,2,1,hybrid_unified,hybrid,matrix,2,0.066559,1500,100.0
a30,brca2_1500,2,2,hybrid_pinned,hybrid,matrix,-1,0.07518,1500,100.0
a30,brca2_1500,2,2,hybrid_pinned,hybrid,matrix,0,0.076011,1500,100.0
a30,brca2_1500,2,2,hybrid_pinned,hybrid,matrix,1,0.075161,1500,100.0
a30,brca2_1500,2,2,hybrid_pinned,hybrid,matrix,2,0.074825,1500,100.0
a30,brca2_1500,2,3,hybrid_advised,hybrid,matrix,-1,0.076101,1500,100.0
a30,brca2_1500,2,3,hybrid_advised,hybrid,matrix,0,0.076088,1500,100.0
a30,brca2_1500,2,3,hybrid_advised,hybrid,matrix,1,0.075906,1500,100.0
a30,brca2_1500,2,3,hybrid_advised,hybrid,matrix,2,0.075378,1500,100.0
a30,brca2_1500,0,4,cpu_last_col,fair,lastcol,-1,0.110496,1500,100.0
a30,brca2_1500,0,4,cpu_last_col,fair,lastcol,0,0.110175,1500,100.0
a30,brca2_1500,0,4,cpu_last_col,fair,lastcol,1,0.110113,1500,100.0
a30,brca2_1500,0,4,cpu_last_col,fair,lastcol,2,0.109974,1500,100.0
a30,brca2_1500,1,8,gpu_last_col,gpu,lastcol,-1,0.30146,1500,100.0
a30,brca2_1500,1,8,gpu_last_col,gpu,lastcol,0,0.301203,1500,100.0
a30,brca2_1500,1,8,gpu_last_col,gpu,lastcol,1,0.301151,1500,100.0
a30,brca2_1500,1,8,gpu_last_col,gpu,lastcol,2,0.301189,1500,100.0
a30,brca2_1500,1,9,gpu_warps,gpu,lastcol,-1,0.72414,1500,100.0
a30,brca2_1500,1,9,gpu_warps,gpu,lastcol,0,0.724023,1500,100.0
a30,brca2_1500,1,9,gpu_warps,gpu,lastcol,1,0.724018,1500,100.0
a30,brca2_1500,1,9,gpu_warps,gpu,lastcol,2,0.724069,1500,100.0
a30,brca2_1500,1,10,gpu_registers,gpu,lastcol,-1,0.713264,1500,100.0
a30,brca2_1500,1,10,gpu_registers,gpu,lastcol,0,0.713272,1500,100.0
a30,brca2_1500,1,10,gpu_registers,gpu,lastcol,1,0.713138,1500,100.0
a30,brca2_1500,1,10,gpu_registers,gpu,lastcol,2,0.712993,1500,100.0
a30,brca2_1500,1,12,gpu_merged_req,gpu,lastcol,-1,0.700855,1500,100.0
a30,brca2_1500,1,12,gpu_merged_req,gpu,lastcol,0,0.70073,1500,100.0
a30,brca2_1500,1,12,gpu_merged_req,gpu,lastcol,1,0.70073,1500,100.0
a30,brca2_1500,1,12,gpu_merged_req,gpu,lastcol,2,0.700765,1500,100.0
a30,brca2_1500,2,4,hybrid_warps,hybrid,lastcol,-1,0.082294,1500,100.0
a30,brca2_1500,2,4,hybrid_warps,hybrid,lastcol,0,0.082446,1500,100.0
a30,brca2_1500,2,4,hybrid_warps,hybrid,lastcol,1,0.082336,1500,100.0
a30,brca2_1500,2,4,hybrid_warps,hybrid,lastcol,2,0.082092,1500,100.0
a30,brca2_1500,2,5,hybrid_registers,hybrid,lastcol,-1,0.082299,1500,100.0
a30,brca2_1500,2,5,hybrid_registers,hybrid,lastcol,0,0.082416,1500,100.0
a30,brca2_1500,2,5,hybrid_registers,hybrid,lastcol,1,0.082351,1500,100.0
a30,brca2_1500,2,5,hybrid_registers,hybrid,lastcol,2,0.082178,1500,100.0
a30,brca2_1500,2,6,hybrid_merged_req,hybrid,lastcol,-1,0.083007,1500,100.0
a30,brca2_1500,2,6,hybrid_merged_req,hybrid,lastcol,0,0.082671,1500,100.0
a30,brca2_1500,2,6,hybrid_merged_req,hybrid,lastcol,1,0.08246,1500,100.0
a30,brca2_1500,2,6,hybrid_merged_req,hybrid,lastcol,2,0.083095,1500,100.0
